date,serial_number,model,capacity_bytes,failure,smart_5_raw,smart_9_raw,smart_187_raw,smart_188_raw,smart_197_raw,smart_198_raw
2023-01-01,demo-A,ST4000DM000,4000787030016,0,0,10000,0,0,0,0
2023-01-01,demo-B,ST4000DM000,4000787030016,0,0,10000,0,0,0,0
2023-01-01,demo-C,ST4000DM000,4000787030016,0,0,10000,0,0,0,0
2023-01-01,demo-D,ST4000DM000,4000787030016,0,0,10000,0,0,0,0
2023-01-01,demo-E,ST4000DM000,4000787030016,0,0,10000,0,0,0,0
2023-01-01,demo-F,ST4000DM000,4000787030016,0,0,10000,0,0,0,0
2023-01-01,demo-H,ST4000DM000,4000787030016,0,0,10000,0,0,0,0
2023-01-01,demo-I,ST4000DM000,4000787030016,0,1,10000,1,0,0,0
2023-01-01,demo-J,ST4000DM000,4000787030016,0,0,10000,0,0,0,0
2023-01-01,demo-K,ST4000DM000,4000787030016,0,0,10000,0,0,0,0
2023-01-01,demo-L,ST4000DM000,4000787030016,0,0,10000,0,0,0,0
2023-01-02,demo-A,ST4000DM000,4000787030016,0,0,10024,0,0,0,0
2023-01-02,demo-B,ST4000DM000,4000787030016,0,0,10024,0,0,0,0
2023-01-02,demo-C,ST4000DM000,4000787030016,0,0,10024,0,0,0,0
2023-01-02,demo-D,ST4000DM000,4000787030016,0,0,10024,0,0,0,0
2023-01-02,demo-E,ST4000DM000,4000787030016,0,0,10024,0,0,0,0
2023-01-02,demo-F,ST4000DM000,4000787030016,0,0,10024,0,0,0,0
2023-01-02,demo-H,ST4000DM000,4000787030016,0,0,10024,0,0,0,0
2023-01-02,demo-I,ST4000DM000,4000787030016,0,1,10024,1,0,0,0
2023-01-02,demo-J,ST4000DM000,4000787030016,0,0,10024,0,0,0,0
2023-01-02,demo-K,ST4000DM000,4000787030016,0,0,10024,0,0,0,0
2023-01-02,demo-L,ST4000DM000,4000787030016,0,0,10024,0,0,0,0
2023-01-03,demo-A,ST4000DM000,4000787030016,0,0,10048,0,0,0,0
2023-01-03,demo-B,ST4000DM000,4000787030016,0,0,10048,0,0,0,0
2023-01-03,demo-C,ST4000DM000,4000787030016,0,0,10048,0,0,0,0
2023-01-03,demo-D,ST4000DM000,4000787030016,0,0,10048,0,0,0,0
2023-01-03,demo-E,ST4000DM000,4000787030016,0,0,10048,0,0,0,0
2023-01-03,demo-F,ST4000DM000,4000787030016,0,0,10048,0,0,0,0
2023-01-03,demo-H,ST4000DM000,4000787030016,0,0,10048,0,0,0,0
2023-01-03,demo-I,ST4000DM000,4000787030016,0,1,10048,1,0,0,0
2023-01-03,demo-J,ST4000DM000,4000787030016,0,0,10048,0,0,0,0
2023-01-03,demo-K,ST4000DM000,4000787030016,0,0,10048,0,0,0,0
2023-01-03,demo-L,ST4000DM000,4000787030016,0,0,10048,0,0,0,0
2023-01-04,demo-A,ST4000DM000,4000787030016,0,0,10072,0,0,0,0
2023-01-04,demo-B,ST4000DM000,4000787030016,0,0,10072,0,0,0,0
2023-01-04,demo-C,ST4000DM000,4000787030016,0,0,10072,0,0,0,0
2023-01-04,demo-D,ST4000DM000,4000787030016,0,0,10072,0,0,0,0
2023-01-04,demo-E,ST4000DM000,4000787030016,0,0,10072,0,0,0,0
2023-01-04,demo-F,ST4000DM000,4000787030016,0,0,10072,0,0,0,0
2023-01-04,demo-H,ST4000DM000,4000787030016,0,0,10072,0,0,0,0
2023-01-04,demo-I,ST4000DM000,4000787030016,0,1,10072,1,0,0,0
2023-01-04,demo-J,ST4000DM000,4000787030016,0,0,10072,0,0,0,0
2023-01-04,demo-K,ST4000DM000,4000787030016,0,0,10072,0,0,0,0
2023-01-04,demo-L,ST4000DM000,4000787030016,0,0,10072,0,0,0,0
2023-01-05,demo-A,ST4000DM000,4000787030016,0,0,10096,0,0,0,0
2023-01-05,demo-B,ST4000DM000,4000787030016,0,0,10096,0,0,0,0
2023-01-05,demo-C,ST4000DM000,4000787030016,0,0,10096,0,0,0,0
2023-01-05,demo-D,ST4000DM000,4000787030016,0,0,10096,0,0,0,0
2023-01-05,demo-E,ST4000DM000,4000787030016,0,0,10096,0,0,0,0
2023-01-05,demo-F,ST4000DM000,4000787030016,0,0,10096,0,0,0,0
2023-01-05,demo-H,ST4000DM000,4000787030016,0,0,10096,0,0,0,0
2023-01-05,demo-I,ST4000DM000,4000787030016,0,1,10096,1,0,0,0
2023-01-05,demo-J,ST4000DM000,4000787030016,0,0,10096,0,0,0,0
2023-01-05,demo-K,ST4000DM000,4000787030016,0,0,10096,0,0,0,0
2023-01-05,demo-L,ST4000DM000,4000787030016,0,0,10096,0,0,0,0
2023-01-06,demo-A,ST4000DM000,4000787030016,0,0,10120,0,0,0,0
2023-01-06,demo-B,ST4000DM000,4000787030016,0,0,10120,0,0,0,0
2023-01-06,demo-C,ST4000DM000,4000787030016,0,0,10120,0,0,0,0
2023-01-06,demo-D,ST4000DM000,4000787030016,0,0,10120,0,0,0,0
2023-01-06,demo-E,ST4000DM000,4000787030016,0,0,10120,0,0,0,0
2023-01-06,demo-F,ST4000DM000,4000787030016,0,0,10120,0,0,0,0
2023-01-06,demo-H,ST4000DM000,4000787030016,0,0,10120,0,0,0,0
2023-01-06,demo-I,ST4000DM000,4000787030016,0,1,10120,1,0,0,0
2023-01-06,demo-J,ST4000DM000,4000787030016,0,0,10120,0,0,0,0
2023-01-06,demo-K,ST4000DM000,4000787030016,0,0,10120,0,0,0,0
2023-01-06,demo-L,ST4000DM000,4000787030016,0,0,10120,0,0,0,0
2023-01-07,demo-A,ST4000DM000,4000787030016,0,0,10144,0,0,0,0
2023-01-07,demo-B,ST4000DM000,4000787030016,0,0,10144,0,0,0,0
2023-01-07,demo-C,ST4000DM000,4000787030016,0,0,10144,0,0,0,0
2023-01-07,demo-D,ST4000DM000,4000787030016,0,0,10144,0,0,0,0
2023-01-07,demo-E,ST4000DM000,4000787030016,0,0,10144,0,0,0,0
2023-01-07,demo-F,ST4000DM000,4000787030016,0,0,10144,0,0,0,0
2023-01-07,demo-H,ST4000DM000,4000787030016,0,0,10144,0,0,0,0
2023-01-07,demo-I,ST4000DM000,4000787030016,0,1,10144,1,0,0,0
2023-01-07,demo-J,ST4000DM000,4000787030016,0,0,10144,0,0,0,0
2023-01-07,demo-K,ST4000DM000,4000787030016,0,0,10144,0,0,0,0
2023-01-07,demo-L,ST4000DM000,4000787030016,0,0,10144,0,0,0,0
2023-01-08,demo-A,ST4000DM000,4000787030016,0,0,10168,0,0,0,0
2023-01-08,demo-B,ST4000DM000,4000787030016,0,0,10168,0,0,0,0
2023-01-08,demo-C,ST4000DM000,4000787030016,0,0,10168,0,0,0,0
2023-01-08,demo-D,ST4000DM000,4000787030016,0,0,10168,0,0,0,0
2023-01-08,demo-E,ST4000DM000,4000787030016,0,0,10168,0,0,0,0
2023-01-08,demo-F,ST4000DM000,4000787030016,0,0,10168,0,0,0,0
2023-01-08,demo-H,ST4000DM000,4000787030016,0,0,10168,0,0,0,0
2023-01-08,demo-I,ST4000DM000,4000787030016,0,1,10168,1,0,0,0
2023-01-08,demo-J,ST4000DM000,4000787030016,0,0,10168,0,0,0,0
2023-01-08,demo-K,ST4000DM000,4000787030016,0,0,10168,0,0,0,0
2023-01-08,demo-L,ST4000DM000,4000787030016,0,0,10168,0,0,0,0
2023-01-09,demo-A,ST4000DM000,4000787030016,0,0,10192,0,0,0,0
2023-01-09,demo-B,ST4000DM000,4000787030016,0,0,10192,0,0,0,0
2023-01-09,demo-C,ST4000DM000,4000787030016,0,0,10192,0,0,0,0
2023-01-09,demo-D,ST4000DM000,4000787030016,0,0,10192,0,0,0,0
2023-01-09,demo-E,ST4000DM000,4000787030016,0,0,10192,0,0,0,0
2023-01-09,demo-F,ST4000DM000,4000787030016,0,0,10192,0,0,0,0
2023-01-09,demo-H,ST4000DM000,4000787030016,0,0,10192,0,0,0,0
2023-01-09,demo-I,ST4000DM000,4000787030016,0,1,10192,1,0,0,0
2023-01-09,demo-J,ST4000DM000,4000787030016,0,0,10192,0,0,0,0
2023-01-09,demo-K,ST4000DM000,4000787030016,0,0,10192,0,0,0,0
2023-01-09,demo-L,ST4000DM000,4000787030016,0,0,10192,0,0,0,0
2023-01-10,demo-A,ST4000DM000,4000787030016,0,10,10216,0,0,0,0
2023-01-10,demo-B,ST4000DM000,4000787030016,0,0,10216,0,0,0,0
2023-01-10,demo-C,ST4000DM000,4000787030016,0,0,10216,0,0,0,0
2023-01-10,demo-D,ST4000DM000,4000787030016,0,0,10216,0,0,0,0
2023-01-10,demo-E,ST4000DM000,4000787030016,0,0,10216,0,0,0,0
2023-01-10,demo-F,ST4000DM000,4000787030016,0,0,10216,0,0,0,0
2023-01-10,demo-G,ST4000DM000,4000787030016,0,0,10216,0,0,0,0
2023-01-10,demo-H,ST4000DM000,4000787030016,1,0,10216,0,0,0,0
2023-01-10,demo-I,ST4000DM000,4000787030016,0,1,10216,1,0,0,0
2023-01-10,demo-J,ST4000DM000,4000787030016,0,0,10216,0,0,0,0
2023-01-10,demo-K,ST4000DM000,4000787030016,0,0,10216,0,0,0,0
2023-01-10,demo-L,ST4000DM000,4000787030016,0,0,10216,0,0,0,0
2023-01-11,demo-A,ST4000DM000,4000787030016,0,10,10240,0,0,0,0
2023-01-11,demo-B,ST4000DM000,4000787030016,0,0,10240,0,0,0,0
2023-01-11,demo-C,ST4000DM000,4000787030016,0,0,10240,0,0,0,0
2023-01-11,demo-D,ST4000DM000,4000787030016,0,0,10240,0,0,0,0
2023-01-11,demo-E,ST4000DM000,4000787030016,0,0,10240,0,0,0,0
2023-01-11,demo-F,ST4000DM000,4000787030016,0,0,10240,0,0,0,0
2023-01-11,demo-G,ST4000DM000,4000787030016,0,0,10240,0,0,0,0
2023-01-11,demo-H,ST4000DM000,4000787030016,0,0,10240,0,0,0,0
2023-01-11,demo-I,ST4000DM000,4000787030016,0,1,10240,1,0,0,0
2023-01-11,demo-J,ST4000DM000,4000787030016,0,0,10240,0,0,0,0
2023-01-11,demo-K,ST4000DM000,4000787030016,0,0,10240,0,0,0,0
2023-01-11,demo-L,ST4000DM000,4000787030016,0,0,10240,0,0,0,0
2023-01-12,demo-A,ST4000DM000,4000787030016,0,10,10264,0,0,0,0
2023-01-12,demo-B,ST4000DM000,4000787030016,0,0,10264,0,0,0,0
2023-01-12,demo-C,ST4000DM000,4000787030016,0,0,10264,0,0,0,0
2023-01-12,demo-D,ST4000DM000,4000787030016,0,0,10264,0,0,0,0
2023-01-12,demo-E,ST4000DM000,4000787030016,0,0,10264,0,0,0,0
2023-01-12,demo-F,ST4000DM000,4000787030016,0,0,10264,0,0,0,0
2023-01-12,demo-G,ST4000DM000,4000787030016,0,0,10264,0,0,0,0
2023-01-12,demo-H,ST4000DM000,4000787030016,0,0,10264,0,0,0,0
2023-01-12,demo-I,ST4000DM000,4000787030016,0,1,10264,1,0,0,0
2023-01-12,demo-J,ST4000DM000,4000787030016,0,0,10264,0,0,0,0
2023-01-12,demo-K,ST4000DM000,4000787030016,0,0,10264,0,0,0,0
2023-01-12,demo-L,ST4000DM000,4000787030016,0,0,10264,0,0,0,0
2023-01-13,demo-A,ST4000DM000,4000787030016,0,10,10288,0,0,0,0
2023-01-13,demo-B,ST4000DM000,4000787030016,0,0,10288,0,0,0,0
2023-01-13,demo-C,ST4000DM000,4000787030016,0,0,10288,0,0,0,0
2023-01-13,demo-D,ST4000DM000,4000787030016,0,0,10288,0,0,0,0
2023-01-13,demo-E,ST4000DM000,4000787030016,0,0,10288,0,0,0,0
2023-01-13,demo-F,ST4000DM000,4000787030016,0,0,10288,0,0,0,0
2023-01-13,demo-G,ST4000DM000,4000787030016,0,0,10288,0,0,0,0
2023-01-13,demo-H,ST4000DM000,4000787030016,0,0,10288,0,0,0,0
2023-01-13,demo-I,ST4000DM000,4000787030016,0,1,10288,1,0,0,0
2023-01-13,demo-J,ST4000DM000,4000787030016,0,0,10288,0,0,0,0
2023-01-13,demo-K,ST4000DM000,4000787030016,0,0,10288,0,0,0,0
2023-01-13,demo-L,ST4000DM000,4000787030016,0,0,10288,0,0,0,0
2023-01-14,demo-A,ST4000DM000,4000787030016,0,10,10312,0,0,0,0
2023-01-14,demo-B,ST4000DM000,4000787030016,0,0,10312,0,0,0,0
2023-01-14,demo-C,ST4000DM000,4000787030016,0,0,10312,0,0,2,0
2023-01-14,demo-D,ST4000DM000,4000787030016,0,0,10312,0,0,0,0
2023-01-14,demo-E,ST4000DM000,4000787030016,0,0,10312,0,0,0,0
2023-01-14,demo-F,ST4000DM000,4000787030016,0,0,10312,0,0,0,0
2023-01-14,demo-G,ST4000DM000,4000787030016,0,0,10312,0,0,0,0
2023-01-14,demo-H,ST4000DM000,4000787030016,0,0,10312,0,0,0,0
2023-01-14,demo-I,ST4000DM000,4000787030016,0,1,10312,1,0,0,0
2023-01-14,demo-J,ST4000DM000,4000787030016,0,0,10312,0,0,2,0
2023-01-14,demo-K,ST4000DM000,4000787030016,0,0,10312,0,0,0,0
2023-01-14,demo-L,ST4000DM000,4000787030016,0,0,10312,0,0,0,0
2023-01-15,demo-A,ST4000DM000,4000787030016,0,10,10336,0,0,0,0
2023-01-15,demo-B,ST4000DM000,4000787030016,0,0,10336,0,0,0,0
2023-01-15,demo-C,ST4000DM000,4000787030016,0,0,10336,0,0,2,0
2023-01-15,demo-D,ST4000DM000,4000787030016,0,0,10336,0,0,0,0
2023-01-15,demo-E,ST4000DM000,4000787030016,0,0,10336,0,0,0,0
2023-01-15,demo-F,ST4000DM000,4000787030016,0,,,,,,
2023-01-15,demo-G,ST4000DM000,4000787030016,0,0,10336,0,0,0,0
2023-01-15,demo-H,ST4000DM000,4000787030016,0,0,10336,0,0,0,0
2023-01-15,demo-I,ST4000DM000,4000787030016,0,1,10336,1,0,0,0
2023-01-15,demo-J,ST4000DM000,4000787030016,0,0,10336,0,0,2,0
2023-01-15,demo-K,ST4000DM000,4000787030016,0,0,10336,0,0,0,0
2023-01-15,demo-L,ST4000DM000,4000787030016,0,0,10336,0,0,0,0
2023-01-16,demo-A,ST4000DM000,4000787030016,0,10,10360,0,0,0,0
2023-01-16,demo-B,ST4000DM000,4000787030016,0,0,10360,0,0,0,0
2023-01-16,demo-C,ST4000DM000,4000787030016,0,0,10360,0,0,2,0
2023-01-16,demo-D,ST4000DM000,4000787030016,0,0,10360,0,0,0,0
2023-01-16,demo-E,ST4000DM000,4000787030016,0,0,10360,0,0,0,0
2023-01-16,demo-F,ST4000DM000,4000787030016,0,0,10360,0,0,0,0
2023-01-16,demo-G,ST4000DM000,4000787030016,0,0,10360,0,0,0,0
2023-01-16,demo-H,ST4000DM000,4000787030016,0,0,10360,0,0,0,0
2023-01-16,demo-I,ST4000DM000,4000787030016,0,1,10360,1,0,0,0
2023-01-16,demo-J,ST4000DM000,4000787030016,0,0,10360,0,0,2,0
2023-01-16,demo-K,ST4000DM000,4000787030016,0,0,10360,0,0,0,0
2023-01-16,demo-L,ST4000DM000,4000787030016,0,0,10360,0,0,0,0
2023-01-17,demo-A,ST4000DM000,4000787030016,0,10,10384,0,0,0,0
2023-01-17,demo-B,ST4000DM000,4000787030016,0,0,10384,0,0,0,0
2023-01-17,demo-C,ST4000DM000,4000787030016,0,0,10384,0,0,2,0
2023-01-17,demo-D,ST4000DM000,4000787030016,0,0,10384,0,0,0,0
2023-01-17,demo-E,ST4000DM000,4000787030016,0,0,10384,0,0,0,0
2023-01-17,demo-F,ST4000DM000,4000787030016,0,0,10384,0,0,0,0
2023-01-17,demo-G,ST4000DM000,4000787030016,0,0,10384,0,0,0,0
2023-01-17,demo-H,ST4000DM000,4000787030016,0,0,10384,0,0,0,0
2023-01-17,demo-I,ST4000DM000,4000787030016,0,1,10384,1,0,0,0
2023-01-17,demo-J,ST4000DM000,4000787030016,0,0,10384,0,0,2,0
2023-01-17,demo-K,ST4000DM000,4000787030016,0,0,10384,0,0,0,0
2023-01-17,demo-L,ST4000DM000,4000787030016,0,0,10384,0,0,0,0
2023-01-18,demo-A,ST4000DM000,4000787030016,0,10,10408,0,0,0,0
2023-01-18,demo-B,ST4000DM000,4000787030016,0,0,10408,3,0,0,0
2023-01-18,demo-C,ST4000DM000,4000787030016,0,0,10408,0,0,2,0
2023-01-18,demo-D,ST4000DM000,4000787030016,0,0,10408,0,0,0,0
2023-01-18,demo-E,ST4000DM000,4000787030016,0,0,10408,0,0,0,0
2023-01-18,demo-F,ST4000DM000,4000787030016,0,0,10408,0,0,0,0
2023-01-18,demo-G,ST4000DM000,4000787030016,0,0,10408,0,0,0,0
2023-01-18,demo-H,ST4000DM000,4000787030016,0,0,10408,0,0,0,0
2023-01-18,demo-I,ST4000DM000,4000787030016,0,1,10408,1,0,0,0
2023-01-18,demo-J,ST4000DM000,4000787030016,0,0,10408,0,0,2,0
2023-01-18,demo-K,ST4000DM000,4000787030016,0,0,10408,0,0,0,0
2023-01-18,demo-L,ST4000DM000,4000787030016,0,0,10408,0,0,0,0
2023-01-19,demo-A,ST4000DM000,4000787030016,0,10,10432,0,0,0,0
2023-01-19,demo-B,ST4000DM000,4000787030016,0,0,10432,3,0,0,0
2023-01-19,demo-C,ST4000DM000,4000787030016,0,0,10432,0,0,2,0
2023-01-19,demo-D,ST4000DM000,4000787030016,0,0,10432,0,0,0,0
2023-01-19,demo-E,ST4000DM000,4000787030016,0,0,10432,0,0,0,0
2023-01-19,demo-F,ST4000DM000,4000787030016,0,0,10432,0,0,0,0
2023-01-19,demo-G,ST4000DM000,4000787030016,0,0,10432,0,0,0,0
2023-01-19,demo-H,ST4000DM000,4000787030016,0,0,10432,0,0,0,0
2023-01-19,demo-I,ST4000DM000,4000787030016,0,1,10432,1,0,0,0
2023-01-19,demo-J,ST4000DM000,4000787030016,0,0,10432,0,0,0,0
2023-01-19,demo-K,ST4000DM000,4000787030016,0,0,10432,0,0,0,0
2023-01-19,demo-L,ST4000DM000,4000787030016,0,0,10432,0,0,0,0
2023-01-20,demo-A,ST4000DM000,4000787030016,0,10,10456,0,0,0,0
2023-01-20,demo-B,ST4000DM000,4000787030016,0,0,10456,3,0,0,0
2023-01-20,demo-C,ST4000DM000,4000787030016,0,0,10456,0,0,2,0
2023-01-20,demo-D,ST4000DM000,4000787030016,0,0,10456,0,0,0,0
2023-01-20,demo-E,ST4000DM000,4000787030016,0,0,10456,0,0,0,0
2023-01-20,demo-F,ST4000DM000,4000787030016,0,0,10456,0,0,0,0
2023-01-20,demo-G,ST4000DM000,4000787030016,0,0,10456,0,0,0,0
2023-01-20,demo-H,ST4000DM000,4000787030016,0,0,10456,0,0,0,0
2023-01-20,demo-I,ST4000DM000,4000787030016,0,1,10456,1,0,0,0
2023-01-20,demo-J,ST4000DM000,4000787030016,0,0,10456,0,0,0,0
2023-01-20,demo-K,ST4000DM000,4000787030016,0,0,10456,0,0,0,0
2023-01-20,demo-L,ST4000DM000,4000787030016,0,0,10456,0,0,0,0
2023-01-21,demo-A,ST4000DM000,4000787030016,0,10,10480,0,0,0,0
2023-01-21,demo-B,ST4000DM000,4000787030016,0,0,10480,3,0,0,0
2023-01-21,demo-C,ST4000DM000,4000787030016,1,0,10480,0,0,2,0
2023-01-21,demo-D,ST4000DM000,4000787030016,0,0,10480,0,0,0,0
2023-01-21,demo-F,ST4000DM000,4000787030016,0,0,10480,0,0,0,0
2023-01-21,demo-G,ST4000DM000,4000787030016,0,0,10480,0,0,0,0
2023-01-21,demo-H,ST4000DM000,4000787030016,0,0,10480,0,0,0,0
2023-01-21,demo-I,ST4000DM000,4000787030016,0,1,10480,1,0,0,0
2023-01-21,demo-J,ST4000DM000,4000787030016,0,0,10480,0,0,0,0
2023-01-21,demo-K,ST4000DM000,4000787030016,0,0,10480,0,0,0,0
2023-01-21,demo-L,ST4000DM000,4000787030016,0,0,10480,0,0,0,0
2023-01-22,demo-A,ST4000DM000,4000787030016,0,10,10504,0,0,0,0
2023-01-22,demo-B,ST4000DM000,4000787030016,0,0,10504,3,0,0,0
2023-01-22,demo-C,ST4000DM000,4000787030016,0,0,10504,0,0,2,0
2023-01-22,demo-F,ST4000DM000,4000787030016,0,0,10504,0,0,0,0
2023-01-22,demo-G,ST4000DM000,4000787030016,0,0,10504,0,0,0,0
2023-01-22,demo-H,ST4000DM000,4000787030016,0,0,10504,0,0,0,0
2023-01-22,demo-I,ST4000DM000,4000787030016,0,1,10504,1,0,0,0
2023-01-22,demo-J,ST4000DM000,4000787030016,0,0,10504,0,0,0,0
2023-01-22,demo-K,ST4000DM000,4000787030016,0,0,10504,0,0,0,0
2023-01-22,demo-L,ST4000DM000,4000787030016,0,0,10504,0,0,0,0
2023-01-23,demo-A,ST4000DM000,4000787030016,0,10,10528,0,0,0,0
2023-01-23,demo-B,ST4000DM000,4000787030016,0,0,10528,3,0,0,0
2023-01-23,demo-C,ST4000DM000,4000787030016,0,0,10528,0,0,2,0
2023-01-23,demo-D,ST4000DM000,4000787030016,0,0,10528,0,0,0,0
2023-01-23,demo-F,ST4000DM000,4000787030016,0,0,10528,0,0,0,0
2023-01-23,demo-G,ST4000DM000,4000787030016,0,0,10528,0,0,0,0
2023-01-23,demo-H,ST4000DM000,4000787030016,0,0,10528,0,0,0,0
2023-01-23,demo-I,ST4000DM000,4000787030016,0,1,10528,1,0,0,0
2023-01-23,demo-J,ST4000DM000,4000787030016,0,0,10528,0,0,0,0
2023-01-23,demo-K,ST4000DM000,4000787030016,0,0,10528,0,0,0,0
2023-01-23,demo-L,ST4000DM000,4000787030016,0,0,10528,0,0,0,0
2023-01-24,demo-A,ST4000DM000,4000787030016,1,10,10552,0,0,0,0
2023-01-24,demo-B,ST4000DM000,4000787030016,0,0,10552,3,0,0,0
2023-01-24,demo-C,ST4000DM000,4000787030016,0,0,10552,0,0,2,0
2023-01-24,demo-D,ST4000DM000,4000787030016,0,0,10552,0,0,0,0
2023-01-24,demo-F,ST4000DM000,4000787030016,0,0,10552,0,0,0,0
2023-01-24,demo-G,ST4000DM000,4000787030016,0,0,10552,0,0,0,0
2023-01-24,demo-H,ST4000DM000,4000787030016,1,0,10552,0,0,0,0
2023-01-24,demo-I,ST4000DM000,4000787030016,0,1,10552,1,0,0,0
2023-01-24,demo-J,ST4000DM000,4000787030016,0,0,10552,0,0,0,0
2023-01-24,demo-K,ST4000DM000,4000787030016,0,0,10552,0,0,0,0
2023-01-24,demo-L,ST4000DM000,4000787030016,0,0,10552,0,0,0,0
2023-01-25,demo-A,ST4000DM000,4000787030016,0,10,10576,0,0,0,0
2023-01-25,demo-B,ST4000DM000,4000787030016,0,0,10576,3,0,0,0
2023-01-25,demo-C,ST4000DM000,4000787030016,0,0,10576,0,0,2,0
2023-01-25,demo-D,ST4000DM000,4000787030016,0,0,10576,0,0,0,0
2023-01-25,demo-F,ST4000DM000,4000787030016,0,0,10576,0,0,0,0
2023-01-25,demo-G,ST4000DM000,4000787030016,0,0,10576,0,0,0,0
2023-01-25,demo-H,ST4000DM000,4000787030016,0,0,10576,0,0,0,0
2023-01-25,demo-I,ST4000DM000,4000787030016,0,1,10576,1,0,0,0
2023-01-25,demo-J,ST4000DM000,4000787030016,0,0,10576,0,0,0,0
2023-01-25,demo-K,ST4000DM000,4000787030016,0,0,10576,0,0,0,0
2023-01-25,demo-L,ST4000DM000,4000787030016,0,0,10576,0,0,0,0
2023-01-26,demo-A,ST4000DM000,4000787030016,0,10,10600,0,0,0,0
2023-01-26,demo-B,ST4000DM000,4000787030016,0,0,10600,3,0,0,0
2023-01-26,demo-C,ST4000DM000,4000787030016,0,0,10600,0,0,2,0
2023-01-26,demo-D,ST4000DM000,4000787030016,0,0,10600,0,0,0,0
2023-01-26,demo-F,ST4000DM000,4000787030016,0,0,10600,0,0,0,0
2023-01-26,demo-G,ST4000DM000,4000787030016,0,0,10600,0,0,0,0
2023-01-26,demo-H,ST4000DM000,4000787030016,0,0,10600,0,0,0,0
2023-01-26,demo-I,ST4000DM000,4000787030016,0,1,10600,1,0,0,0
2023-01-26,demo-J,ST4000DM000,4000787030016,0,0,10600,0,0,0,0
2023-01-26,demo-K,ST4000DM000,4000787030016,0,0,10600,0,0,0,0
2023-01-26,demo-L,ST4000DM000,4000787030016,0,0,10600,0,0,0,0
2023-01-27,demo-A,ST4000DM000,4000787030016,0,10,10624,0,0,0,0
2023-01-27,demo-B,ST4000DM000,4000787030016,0,0,10624,3,0,0,0
2023-01-27,demo-C,ST4000DM000,4000787030016,0,0,10624,0,0,2,0
2023-01-27,demo-D,ST4000DM000,4000787030016,0,0,10624,0,0,0,0
2023-01-27,demo-F,ST4000DM000,4000787030016,0,0,10624,0,0,0,0
2023-01-27,demo-G,ST4000DM000,4000787030016,0,0,10624,0,0,0,0
2023-01-27,demo-H,ST4000DM000,4000787030016,0,0,10624,0,0,0,0
2023-01-27,demo-I,ST4000DM000,4000787030016,0,1,10624,1,0,0,0
2023-01-27,demo-J,ST4000DM000,4000787030016,0,0,10624,0,0,0,0
2023-01-27,demo-K,ST4000DM000,4000787030016,0,0,10624,0,0,0,0
2023-01-27,demo-L,ST4000DM000,4000787030016,0,0,10624,0,0,0,0
2023-01-28,demo-A,ST4000DM000,4000787030016,0,10,10648,0,0,0,0
2023-01-28,demo-B,ST4000DM000,4000787030016,1,0,10648,3,0,0,0
2023-01-28,demo-C,ST4000DM000,4000787030016,0,0,10648,0,0,2,0
2023-01-28,demo-D,ST4000DM000,4000787030016,0,0,10648,0,0,0,0
2023-01-28,demo-F,ST4000DM000,4000787030016,0,0,10648,0,0,0,0
2023-01-28,demo-G,ST4000DM000,4000787030016,0,0,10648,0,0,0,0
2023-01-28,demo-H,ST4000DM000,4000787030016,0,0,10648,0,0,0,0
2023-01-28,demo-I,ST4000DM000,4000787030016,0,1,10648,1,0,0,0
2023-01-28,demo-J,ST4000DM000,4000787030016,0,0,10648,0,0,0,0
2023-01-28,demo-K,ST4000DM000,4000787030016,0,0,10648,0,0,0,0
2023-01-28,demo-L,ST4000DM000,4000787030016,0,0,10648,0,0,0,0
2023-01-29,demo-A,ST4000DM000,4000787030016,0,10,10672,0,0,0,0
2023-01-29,demo-B,ST4000DM000,4000787030016,0,0,10672,3,0,0,0
2023-01-29,demo-C,ST4000DM000,4000787030016,0,0,10672,0,0,2,0
2023-01-29,demo-D,ST4000DM000,4000787030016,0,0,10672,0,0,0,0
2023-01-29,demo-F,ST4000DM000,4000787030016,0,0,10672,0,0,0,0
2023-01-29,demo-G,ST4000DM000,4000787030016,0,0,10672,0,0,0,0
2023-01-29,demo-H,ST4000DM000,4000787030016,0,0,10672,0,0,0,0
2023-01-29,demo-I,ST4000DM000,4000787030016,0,1,10672,1,0,0,0
2023-01-29,demo-J,ST4000DM000,4000787030016,0,0,10672,0,0,0,0
2023-01-29,demo-K,ST4000DM000,4000787030016,0,0,10672,0,0,0,0
2023-01-29,demo-L,ST4000DM000,4000787030016,0,0,10672,0,0,0,0
2023-01-30,demo-A,ST4000DM000,4000787030016,0,10,10696,0,0,0,0
2023-01-30,demo-B,ST4000DM000,4000787030016,0,0,10696,3,0,0,0
2023-01-30,demo-C,ST4000DM000,4000787030016,0,0,10696,0,0,2,0
2023-01-30,demo-D,ST4000DM000,4000787030016,0,0,10696,0,0,0,0
2023-01-30,demo-F,ST4000DM000,4000787030016,0,0,10696,0,0,0,0
2023-01-30,demo-G,ST4000DM000,4000787030016,0,0,10696,0,0,0,0
2023-01-30,demo-H,ST4000DM000,4000787030016,0,0,10696,0,0,0,0
2023-01-30,demo-I,ST4000DM000,4000787030016,0,1,10696,1,0,0,0
2023-01-30,demo-J,ST4000DM000,4000787030016,0,0,10696,0,0,0,0
2023-01-30,demo-K,ST4000DM000,4000787030016,0,0,10696,0,0,0,0
2023-01-30,demo-L,ST4000DM000,4000787030016,0,0,10696,0,0,0,0
2023-01-31,demo-A,ST4000DM000,4000787030016,0,10,10720,0,0,0,0
2023-01-31,demo-B,ST4000DM000,4000787030016,0,0,10720,3,0,0,0
2023-01-31,demo-C,ST4000DM000,4000787030016,0,0,10720,0,0,2,0
2023-01-31,demo-D,ST4000DM000,4000787030016,0,0,10720,0,0,0,0
2023-01-31,demo-F,ST4000DM000,4000787030016,0,0,10720,0,0,0,0
2023-01-31,demo-G,ST4000DM000,4000787030016,0,0,10720,0,0,0,0
2023-01-31,demo-H,ST4000DM000,4000787030016,0,0,10720,0,0,0,0
2023-01-31,demo-I,ST4000DM000,4000787030016,0,1,10720,1,0,0,0
2023-01-31,demo-J,ST4000DM000,4000787030016,0,0,10720,0,0,0,0
2023-01-31,demo-K,ST4000DM000,4000787030016,0,0,10720,0,0,0,0
2023-01-31,demo-L,ST4000DM000,4000787030016,0,0,10720,0,0,0,0
2023-02-01,demo-A,ST4000DM000,4000787030016,0,10,10744,0,0,0,0
2023-02-01,demo-B,ST4000DM000,4000787030016,0,0,10744,3,0,0,0
2023-02-01,demo-C,ST4000DM000,4000787030016,0,0,10744,0,0,2,0
2023-02-01,demo-D,ST4000DM000,4000787030016,0,0,10744,0,0,0,0
2023-02-01,demo-F,ST4000DM000,4000787030016,0,0,10744,0,0,0,0
2023-02-01,demo-G,ST4000DM000,4000787030016,0,0,10744,0,0,0,0
2023-02-01,demo-H,ST4000DM000,4000787030016,0,0,10744,0,0,0,0
2023-02-01,demo-I,ST4000DM000,4000787030016,0,1,10744,1,0,0,0
2023-02-01,demo-J,ST4000DM000,4000787030016,0,0,10744,0,0,0,0
2023-02-01,demo-K,ST4000DM000,4000787030016,0,0,10744,0,0,0,0
2023-02-01,demo-L,ST4000DM000,4000787030016,0,0,10744,0,0,0,0
2023-02-02,demo-A,ST4000DM000,4000787030016,0,10,10768,0,0,0,0
2023-02-02,demo-B,ST4000DM000,4000787030016,0,0,10768,3,0,0,0
2023-02-02,demo-C,ST4000DM000,4000787030016,0,0,10768,0,0,2,0
2023-02-02,demo-D,ST4000DM000,4000787030016,0,0,10768,0,0,0,0
2023-02-02,demo-F,ST4000DM000,4000787030016,0,0,10768,0,0,0,0
2023-02-02,demo-G,ST4000DM000,4000787030016,0,0,10768,0,0,0,0
2023-02-02,demo-H,ST4000DM000,4000787030016,0,0,10768,0,0,0,0
2023-02-02,demo-I,ST4000DM000,4000787030016,0,1,10768,1,0,0,0
2023-02-02,demo-J,ST4000DM000,4000787030016,0,0,10768,0,0,0,0
2023-02-02,demo-K,ST4000DM000,4000787030016,0,0,10768,0,0,0,0
2023-02-02,demo-L,ST4000DM000,4000787030016,0,0,10768,0,0,0,0
2023-02-03,demo-A,ST4000DM000,4000787030016,0,10,10792,0,0,0,0
2023-02-03,demo-B,ST4000DM000,4000787030016,0,0,10792,3,0,0,0
2023-02-03,demo-C,ST4000DM000,4000787030016,0,0,10792,0,0,2,0
2023-02-03,demo-D,ST4000DM000,4000787030016,0,0,10792,0,0,0,0
2023-02-03,demo-F,ST4000DM000,4000787030016,0,0,10792,0,0,0,0
2023-02-03,demo-G,ST4000DM000,4000787030016,0,0,10792,0,0,0,0
2023-02-03,demo-H,ST4000DM000,4000787030016,0,0,10792,0,0,0,0
2023-02-03,demo-I,ST4000DM000,4000787030016,0,1,10792,1,0,0,0
2023-02-03,demo-J,ST4000DM000,4000787030016,0,0,10792,0,0,0,0
2023-02-03,demo-K,ST4000DM000,4000787030016,0,0,10792,0,0,0,0
2023-02-03,demo-L,ST4000DM000,4000787030016,0,0,10792,0,0,0,0
2023-02-04,demo-A,ST4000DM000,4000787030016,0,10,10816,0,0,0,0
2023-02-04,demo-B,ST4000DM000,4000787030016,0,0,10816,3,0,0,0
2023-02-04,demo-C,ST4000DM000,4000787030016,0,0,10816,0,0,2,0
2023-02-04,demo-D,ST4000DM000,4000787030016,0,0,10816,0,0,0,0
2023-02-04,demo-F,ST4000DM000,4000787030016,0,0,10816,0,0,0,0
2023-02-04,demo-G,ST4000DM000,4000787030016,0,0,10816,0,0,0,0
2023-02-04,demo-H,ST4000DM000,4000787030016,0,0,10816,0,0,0,0
2023-02-04,demo-I,ST4000DM000,4000787030016,0,1,10816,1,0,0,0
2023-02-04,demo-J,ST4000DM000,4000787030016,0,0,10816,0,0,0,0
2023-02-04,demo-K,ST4000DM000,4000787030016,0,0,10816,0,0,0,0
2023-02-04,demo-L,ST4000DM000,4000787030016,0,0,10816,0,0,0,0
